memory,type,is_cold,exec_time,connection_time,client_time,provider_time,mem_used
128,cold,True,3192956,0.032636,7952675,4144000,
128,cold,True,297827,0.03523,3296906,368000,
128,cold,True,250336,0.080708,3277474,322000,
128,cold,True,253470,0.040048,6016266,334000,
128,cold,True,3223097,0.039139,10279106,4229000,
128,cold,True,263500,0.042997,4163787,349000,
128,cold,True,2710358,0.088251,3756765,3317000,
128,cold,True,268641,0.085867,3578876,361000,
128,cold,True,246346,0.100794,2590391,320000,
128,cold,True,3499663,0.097754,7381286,4450000,
128,cold,True,2996004,0.032301,9467298,3742000,
128,cold,True,3000344,0.079744,5282287,4029000,
128,cold,True,298747,0.03745,3175842,3052000,
128,cold,True,270247,0.047621,2476054,357000,
128,cold,True,265290,0.035743,3131325,406000,
128,cold,True,278326,0.031999,5664692,364000,
128,cold,True,254863,0.100419,2827171,339000,
128,cold,True,3782108,0.038435,7229659,4855000,
128,cold,True,3898268,0.037461,7825517,5139000,
128,cold,True,250464,0.041067,6140591,326000,
128,cold,True,273233,0.048935,2901925,389000,
128,cold,True,2903136,0.037035,8290467,4031000,
128,cold,True,3706370,0.078815,6657958,4936000,
128,cold,True,2898849,0.039202,10697977,3690000,
128,cold,True,230297,0.079902,3550632,302000,
128,cold,True,256055,0.034021,3187597,337000,
128,cold,True,271827,0.079322,3840286,385000,
128,cold,True,269129,0.092687,3764211,389000,
128,cold,True,253716,0.099945,3196243,328000,
128,cold,True,3290727,0.032892,7586257,4459000,
128,cold,True,261403,0.030516,3285000,368000,
128,cold,True,3602084,0.077725,5288087,4502000,
128,cold,True,2998308,0.038564,10866862,3938000,
128,cold,True,229309,0.100894,3072915,340000,
128,cold,True,261856,0.032272,3585090,347000,
128,cold,True,3603271,0.031061,7990963,4275000,
128,cold,True,3702803,0.032934,10437035,4879000,
128,cold,True,2704929,0.038172,10948980,3535000,
128,cold,True,2994768,0.092606,7716688,3688000,
128,cold,True,3296243,0.032353,10302631,4269000,
128,cold,True,3198863,0.040768,5268498,3929000,
128,cold,True,3497173,0.037485,7258189,4980000,
128,cold,True,2993411,0.035988,8061566,4137000,
128,cold,True,236210,0.037509,1961134,309000,
128,cold,True,2496425,0.091089,7223925,3325000,
128,cold,True,2603237,0.087615,4678532,3543000,
128,cold,True,279072,0.096241,3071608,390000,
128,cold,True,2999903,0.092938,7742015,4046000,
128,cold,True,2884318,0.094204,7514283,3649000,
128,cold,True,3496805,0.039955,10716721,4569000,
128,cold,True,3462515,0.028433,4422480,4166000,
128,cold,True,265589,0.033214,3517265,338000,
128,cold,True,3198123,0.032701,10894239,4237000,
128,cold,True,278593,0.033084,3110258,366000,
128,cold,True,277462,0.092282,3778485,373000,
128,cold,True,2895573,0.078661,3998907,3541000,
128,cold,True,2905492,0.040891,3644290,3573000,
128,cold,True,3590834,0.037214,7870416,4873000,
128,cold,True,1069606,0.035864,3359198,1459000,
128,cold,True,4295975,0.084393,6993104,5327000,
128,cold,True,2524808,0.094278,3524649,3048000,
128,cold,True,247234,0.038511,2889700,368000,
128,cold,True,4203862,0.045795,7725067,6095000,
128,cold,True,3200510,0.045563,7557356,4380000,
128,cold,True,280613,0.033158,6064044,370000,
128,cold,True,2495518,0.07345,3961108,2985000,
128,cold,True,3790851,0.038795,7982976,4718000,
128,cold,True,255633,0.035931,5146052,350000,
128,cold,True,3795892,0.04686,7527635,5195000,
128,cold,True,236054,0.036029,2778126,349000,
128,cold,True,3793290,0.03505,7482542,5010000,
128,cold,True,2598174,0.036992,4277620,3364000,
128,cold,True,2505492,0.032698,4532514,3461000,
128,cold,True,2903872,0.097067,7653308,3856000,
128,cold,True,3596578,0.039806,9328328,4273000,
128,cold,True,2796205,0.09212,6283901,3709000,
128,cold,True,298143,0.029322,2675117,406000,
128,cold,True,3698608,0.027848,8046622,5110000,
128,cold,True,2998655,0.07784,6804281,3730000,
128,cold,True,3002084,0.097831,7804807,3960000,
128,cold,True,2998470,0.030542,6497938,3552000,
128,cold,True,3997990,0.032591,4959555,4914000,
128,cold,True,3299754,0.034601,10682590,4209000,
128,cold,True,2992078,0.095824,7752536,3965000,
128,cold,True,3900626,0.043201,7309672,5495000,
128,cold,True,3400246,0.042023,7736640,4864000,
128,cold,True,267287,0.037524,3248680,357000,
128,cold,True,2999250,0.04204,5372820,3993000,
128,cold,True,3295782,0.039179,5943204,4247000,
128,cold,True,290622,0.03406,2957177,362000,
128,cold,True,256494,0.040161,4026717,335000,
128,cold,True,3694207,0.079446,6722142,5226000,
128,cold,True,249935,0.092001,3554372,330000,
128,cold,True,262969,0.033986,6065300,338000,
128,cold,True,2801922,0.093738,7939325,3820000,
128,cold,True,3200521,0.046738,8222471,4086000,
128,cold,True,3994325,0.039405,8005074,5063000,
128,cold,True,214992,0.035003,1602576,338000,
128,cold,True,3602916,0.031407,8122759,4813000,
128,cold,True,3700363,0.028396,5028809,4455000,
128,cold,True,3394127,0.035107,5208438,4584000,
128,cold,True,267233,0.044722,3248800,365000,
128,cold,True,240671,0.095628,3065636,368000,
128,cold,True,269437,0.032988,3263066,366000,
128,cold,True,3489177,0.037443,7123327,4437000,
128,cold,True,2261426,0.099342,7603173,3673000,
128,cold,True,3701219,0.081684,6856286,5109000,
128,cold,True,384149,0.038264,2763226,526000,
128,cold,True,3703792,0.038493,7644453,4836000,
128,cold,True,3098583,0.093004,4262780,3659000,
128,cold,True,2992233,0.082432,7864856,6984000,
128,cold,True,2897954,0.087187,5820250,3867000,
128,cold,True,3394188,0.037244,8228435,4104000,
128,cold,True,3695152,0.042898,7586869,5134000,
128,cold,True,2299057,0.031818,4409803,3072000,
128,cold,True,243182,0.09294,3516450,321000,
128,cold,True,2696745,0.043625,9826647,3524000,
128,cold,True,304058,0.03551,5779357,391000,
128,cold,True,3168253,0.028652,3920110,3682000,
128,cold,True,252219,0.043318,2223503,321000,
128,cold,True,3199054,0.043727,8338578,4347000,
128,cold,True,3401033,0.044393,7463251,4513000,
128,cold,True,246817,0.046034,2513181,382000,
128,cold,True,3096975,0.032529,8350475,4087000,
128,cold,True,258141,0.038039,6097693,390000,
128,cold,True,3196848,0.046988,8000879,4030000,
128,cold,True,3094068,0.092222,7229782,3966000,
128,cold,True,291627,0.078264,3225488,389000,
128,cold,True,2696494,0.044711,7552070,3581000,
128,cold,True,3697929,0.032269,9861568,4412000,
128,cold,True,267824,0.034974,3270253,349000,
128,cold,True,4100413,0.07662,7189842,6082000,
128,cold,True,3081985,0.098524,6620561,4198000,
128,cold,True,2997042,0.037739,4554168,3873000,
128,cold,True,2598262,0.093668,4703606,3460000,
128,cold,True,3797623,0.031148,8062424,5224000,
128,cold,True,3403451,0.096624,6256836,4155000,
128,cold,True,270828,0.096656,3180801,350000,
128,warm,False,2939557,0.032606,8694766,3250000,
128,warm,False,2913482,0.050049,9245829,3215000,
128,warm,False,3051686,0.037811,7063416,3359000,
128,warm,False,2819232,0.034259,8107865,3123000,
128,warm,False,293104,0.043806,2939194,2759000,
128,warm,False,2921482,0.034176,7290475,3135000,
128,warm,False,2599962,0.038095,8634458,2998000,
128,warm,False,2791651,0.036052,5160586,3191000,
128,warm,False,2648383,0.032962,7982253,3045000,
128,warm,False,2800386,0.036501,11552964,3148000,
128,warm,False,2804808,0.034233,8733735,3207000,
128,warm,False,3215069,0.044172,8681354,3524000,
128,warm,False,3899635,0.060045,7578712,4412000,
128,warm,False,2855938,0.037518,8391133,3162000,
128,warm,False,3498191,0.042212,8813831,4007000,
128,warm,False,3631807,0.038037,8556294,4143000,
128,warm,False,3000696,0.02927,8306506,3394000,
128,warm,False,3255670,0.029744,7588728,3663000,
128,warm,False,3372410,0.031522,10659225,3873000,
128,warm,False,3029836,0.032924,8576951,3433000,
128,warm,False,2865921,0.035555,8631471,3172000,
128,warm,False,2806163,0.030176,8836608,3230000,
128,warm,False,3446469,0.033677,8658623,3849000,
128,warm,False,2735743,0.036207,8482257,3129000,
128,warm,False,2764186,0.037453,10349823,3064000,
128,warm,False,3030450,0.043529,9032773,3333000,
128,warm,False,2899132,0.035929,9363321,3203000,
128,warm,False,3208056,0.029177,7954198,3510000,
128,warm,False,3101497,0.032892,9379476,3570000,
128,warm,False,2993233,0.039539,11662511,3313000,
128,warm,False,2881306,0.031484,8870626,3379000,
128,warm,False,3148694,0.032787,8524907,3455000,
128,warm,False,3403538,0.037816,8873876,3813000,
128,warm,False,3270483,0.030148,11049205,3675000,
128,warm,False,2922974,0.036389,7746625,3242000,
128,warm,False,3636043,0.043489,8919700,4045000,
128,warm,False,2717529,0.037254,8408531,3022000,
128,warm,False,3423129,0.044955,8606389,3833000,
128,warm,False,3471314,0.036687,11331051,3873000,
128,warm,False,3467066,0.031149,7306495,3874000,
128,warm,False,3330554,0.049064,8869950,3649000,
128,warm,False,3413710,0.040429,9271442,3921000,
128,warm,False,2713372,0.055204,3243846,3019000,
128,warm,False,3106776,0.036668,7301588,3620000,
128,warm,False,2965071,0.038985,8903680,3467000,
128,warm,False,2866391,0.034492,7581931,3174000,
128,warm,False,2868593,0.030947,11246399,3086000,
128,warm,False,3205001,0.030177,8832241,3729000,
128,warm,False,2941912,0.036734,8824060,3647000,
128,warm,False,2923777,0.036017,7996539,3135000,
128,warm,False,2811580,0.03937,8554888,3216000,
128,warm,False,2968809,0.037573,7646442,3488000,
128,warm,False,2934483,0.034195,8141449,3240000,
128,warm,False,3123420,0.052801,9177124,3454000,
128,warm,False,2470442,0.030811,2986227,2775000,
128,warm,False,2801815,0.04138,8402077,3305000,
128,warm,False,2642013,0.039368,8721141,3041000,
128,warm,False,2828079,0.036131,8309529,3228000,
128,warm,False,2938587,0.039822,8707641,3254000,
128,warm,False,3198759,0.043466,6820744,3619000,
128,warm,False,2897627,0.03609,8752666,3208000,
128,warm,False,2913123,0.03784,8888633,3226000,
128,warm,False,2636439,0.036542,11139460,3049000,
128,warm,False,2490029,0.038776,11887032,2789000,
128,warm,False,2834250,0.029968,8221705,3139000,
128,warm,False,2905756,0.035043,8457094,3214000,
128,warm,False,2854800,0.031751,8876944,3356000,
128,warm,False,3111458,0.043765,9389762,3616000,
128,warm,False,2718522,0.034608,8291367,3226000,
128,warm,False,2940973,0.029866,8674937,3260000,
128,warm,False,3056484,0.031221,8535976,3364000,
128,warm,False,2693123,1.159162,11559627,3097000,
128,warm,False,3204636,0.041574,11674286,3754000,
128,warm,False,3091384,0.035114,9054913,3703000,
128,warm,False,3052731,0.03751,11735903,3565000,
128,warm,False,3422388,0.055003,9267592,3825000,
128,warm,False,2519252,0.042755,7882984,2932000,
128,warm,False,2970811,0.037144,8851710,3374000,
128,warm,False,2652674,0.037546,8211550,2956000,
128,warm,False,2947115,0.036198,7886701,3355000,
128,warm,False,2154575,0.052997,9076402,3444000,
128,warm,False,3025833,0.039855,8088878,3433000,
128,warm,False,2857766,0.037993,7574923,3166000,
128,warm,False,3220425,0.029484,8138417,3530000,
128,warm,False,3358421,0.03705,11421759,4664000,
128,warm,False,3087476,0.033771,9266067,3395000,
128,warm,False,2308708,0.041246,2684782,2516000,
128,warm,False,2937175,0.037484,10925656,3245000,
128,warm,False,2853605,0.033625,6651129,3257000,
128,warm,False,2782842,0.034473,8714166,3179000,
128,warm,False,2834783,0.036186,6305572,3243000,
128,warm,False,2922073,0.033163,6422404,3133000,
128,warm,False,2776177,0.029995,10933463,3088000,
128,warm,False,3301966,0.030459,7656157,3775000,
128,warm,False,3074315,0.034589,7293201,3381000,
128,warm,False,3347363,0.036741,8986292,3766000,
128,warm,False,3403330,0.039881,7910479,3840000,
128,warm,False,3500549,0.032372,7828952,4137000,
128,warm,False,3471567,0.035547,11603692,3779000,
128,warm,False,3030968,0.051365,9053838,3433000,
128,warm,False,2973135,0.036998,8258388,3276000,
128,warm,False,2573616,0.03846,3712405,2880000,
128,warm,False,2917485,0.038365,8931476,3336000,
128,warm,False,3705196,0.034124,7460599,4261000,
128,warm,False,2962966,0.038725,8385226,3269000,
128,warm,False,2728119,0.039963,7189269,3035000,
128,warm,False,2798785,0.037613,8751331,3147000,
128,warm,False,3100348,0.065488,9300539,3597000,
128,warm,False,2915977,0.042768,8372657,3422000,
128,warm,False,3323306,0.030009,9028171,3926000,
128,warm,False,3467304,0.030721,5867381,4074000,
128,warm,False,3838857,0.030194,7576154,4248000,
128,warm,False,310515,0.035923,2608241,2429000,
128,warm,False,2900462,0.031125,7878253,3267000,
128,warm,False,2850787,0.033574,8597193,3156000,
128,warm,False,3393091,0.058249,7343041,3708000,
128,warm,False,2902355,0.042547,8272571,3213000,
128,warm,False,2900531,0.037544,7738405,3156000,
128,warm,False,3273031,0.037302,11536961,3774000,
128,warm,False,3529049,0.031551,8824927,4231000,
128,warm,False,3160692,0.04391,7765096,3768000,
128,warm,False,2940139,0.036661,11912565,3443000,
128,warm,False,3025104,0.038017,8817664,3332000,
128,warm,False,2703975,0.036947,5730742,2914000,
128,warm,False,2637331,0.038688,7897851,3044000,
128,warm,False,2881779,0.037091,9277164,3294000,
